,,,,,,,,,,,,,,,,,,,,,,,,SW,And,what,was,her
,,,,,,,,,,,,,,,,,,,,,,,,,,,And,her
,,,,,,,,,,,,,,,,,,,,,,,,They,used,to,call,her
,,,,,,,,,,,,,,,,,,,They,used,to,call,her,“,Mazeltov,”,And,her
,,,,,,,,,,,,,,,,They,used,to,call,her,“,Mazeltov,”,And,her,last,name,her
,,,,,,,,,,,,,,,,,,,,In,addition,to,that,my,aunt,who,lost,her
,,,,,,,,,,,,,,,,,,,,It,was,my,mother,’,s,sisters,and,her
I,have,one,that,lives,in,Kirkland,one,that,lives,in,Bellevue,she,’,s,in,a,facility,because,she,has,MS,and,another,one,just,retired,from,her
,,,,,,,,,,,,,,,,,,,,,,,,,But,that,was,her
,,,,,,,,,,,,,,,,,,,,,,,,Mostly,I,would,call,her
,,,,,,,,,,,,,,,,,,,,,Mostly,I,would,call,her,and,ask,her
,,,,,,,,,,,,,,,,,,His,name,was,Marcel,Marcel,but,we,changed,it,for,her
