,,,The,young,man,appeared,pale,and,full,of,emotion,as,his,mother,lit,the,symbolic,candle,of,Rabbi,Meir,and,prayed,that,her
,,,,,,,,,,,,,,,,,,,,,,,But,she,her
,,,,,,,,,,,,,,,,She,was,dressed,in,white,as,a,bride,with,her
,,,,,,,,,While,the,intended,bride,would,be,passing,the,dulces,or,sweets,the,groom,would,be,eyeing,her
,While,the,intended,bride,would,be,passing,the,dulces,or,sweets,the,groom,would,be,eyeing,her,while,the,matchmaker,would,be,negotiating,with,her
,,,,,,,,,,,,,,Once,the,bridetobe,was,married,she,ordinarily,relinquished,any,inheritance,from,her
,,,,,,,,,,,,,By,the,wedding,day,the,bride,would,have,enough,clothes,to,clothe,her
By,the,wedding,day,the,bride,would,have,enough,clothes,to,clothe,her,for,the,first,few,years,of,marriage,all,of,them,provided,by,her
,,,,,,,,,,,,,,,,,,,The,future,motherinlaw,would,come,with,her
,,,,,,,,,,,,,Then,one,of,the,older,women,would,svmbolicall,break,the,rosca,over,her
,,,,,,,,,Then,one,of,the,older,women,would,svmbolicall,break,the,rosca,over,her,head,and,give,her
,,,,,,,,,,,,The,evening,before,the,wedding,was,the,last,night,the,bride,spent,in,her
,,,,,,,,,,,,,,,,,,Her,girl,friends,came,to,be,with,her
,,,,,,,,,,,,,,,,,,,,,,,They,painted,her
,,,,,,,,,,They,painted,her,fingernails,and,toenails,in,Rhodes,they,used,henna,and,fixed,and,styled,her
,,,,,,,,,,,,,,Early,Friday,afternoon,about,100,PM,the,bride,dressed,andaccompanied,by,her
,,,,,,,,,,,,,,,,,,,The,father,of,the,bride,led,her
,,,,,,,,,The,father,of,the,bride,led,her,through,the,streets,and,the,relatives,threw,rice,at,her
,,,,,The,father,of,the,bride,led,her,through,the,streets,and,the,relatives,threw,rice,at,her,as,she,left,her
,,,,,,,,,,,,,During,this,time,the,mother,of,the,bride,came,over,to,visit,her
,,,,,,,,,,,,,He,then,had,to,pay,some,money,to,that,person,to,free,her
,,,,,,,,,,,,,,When,she,left,the,bathroom,he,would,throw,the,fish,at,her
,,,,,,,,,,,,,,,,,,A,married,daughter,was,allowed,to,complete,her
,A,married,daughter,was,allowed,to,complete,her,mourning,in,six,months,as,the,custom,was,that,now,she,is,really,directly,responsible,to,her
,,,,,,,,,,,,,,,,,,,,When,Jewish,children,would,tease,her
,,,,,,,,,,,,,,,,,,One,was,Fasana,Uriel,Berro,who,with,her
,,,,,,,,,,,,,,,,,,,,,,Her,assistance,to,her
,,,,,,,,,,,,,,,,She,was,a,hard,worker,and,very,devoted,to,her
,,,,,,,,,,,,,,,,,My,mother,used,to,take,us,children,with,her
