,,,,,,,,,,,,,There,is,no,single,Arab,in,Palestine,who,can,point,to,any,definite,harm,or,damage,caused,him
,,,,,,,,,,,,,This,is,sufficient,proof,that,all,these,libelous,rumors,about,the,Jew,exploiting,the,Arab,and,supplanting,him
,,,,,,,,,,,,,,,,,,,,,,,,,,,,To,squeeze,him
,,,,,,,,,,,,,,,,,To,squeeze,him,out,resort,was,had,to,the,transparent,device,of,requiring,him
,,,,,,,,,,,,,,,,,,,,,,,,,Architecture,doesn,â€˜,t,interest,him
,,,,,,,,,,,,I,want,to,be,a,god,an,allpowerful,master,who,will,know,how,to,make,his,compatriots,obey,him
,,,,,,,,,,,,,,,,,,,,,,,,,,Frieda,comes,to,see,him
,,,,,,,,,,,,,,,,,,,,,,,Frieda,comes,to,see,him,to,remind,him
Among,those,traitors,was,the,man,whom,I,had,for,a,long,time,considered,as,one,of,my,dearest,friends,but,whose,repugnant,morals,had,obliged,me,to,fly,from,him
,,,,,,,,,,Wise,newly,elected,President,of,the,Zionist,Organization,of,America,realizing,the,gravity,of,the,situation,called,on,OrsmbyGore,advising,him
,,,,,,,,,,,,,,,,,,,,,,,,,,Cartoons,are,drawn,about,him
,,,,,,,,,,,,,,,,That,is,why,every,Jew,must,sorrow,for,the,curse,that,has,passed,upon,him
,,,,,,,,,,,,,,,,Wrote,the,eminent,publisher,whose,Jewishness,has,in,recent,years,become,somewhat,burdensome,to,him
,,,,,,,,,,,,,,,,,,,,,,Block,whose,humanitarian,interest,in,povertystricken,mayors,won,him
,,,,,,,,,,,,,,,,,,,,And,he,becomes,just,as,easily,annoyed,when,someone,reminds,him
,,,,,,,,,,,,,,,,Block,says,those,same,people,have,understanding,and,we,are,inclined,to,agree,with,him
