,,,,,,,,,,,,,,,,,,,,,,,,,,,,,,,,,,,,,,,,,,,,,,,,,,,To,squeeze,him,out,resort,was,had,to,the,transparent,device,of,requiring,him,to,pass,an,examination,not,in,the,knowledge,of,his
,,,,,,,,,,,,,,,,,,,,,,,,,,,,,,,,,,,,,,,,,,,,,,,,,,,,,,,,,,Wisdom,is,better,than,strength,nevertheless,a,poor,man,‘,s,wisdom,is,despised,and,to,his
,,,,,,,,,,,,,,,,,,,,,,,,,,,,,,,,,,,,,,,,,,,,,,,,,,,,,,,,,,Body,In,France,where,the,Jew,Leon,Blum,is,holding,the,reins,of,government,firmly,in,his
,,,,,,,,,,,,,,,,,,,,,,,,,,,,,,,,,,,,,,,,,,,,,,,,,,,,,,,,,,,I,want,to,be,a,god,an,allpowerful,master,who,will,know,how,to,make,his
,,,,,,,,,,,,,,,,,,,,,,,,,,,,,,,,,,,,,,,,,,,,,,,,,,,,,,,,,,,,,,,,,Frieda,comes,to,see,him,to,remind,him,of,his
,,,,,,,,,,,,,,,,,,,,,,,,,,,,,,,,,,,,,,,,,,,,,,,,,,,,,,,,,,,,,,,,,,,,,,,,I,am,his
,,,,,,,,,,,,,,,,,,,,,,,,,,,,,,,,,,,,,,,,,,,,,,,,,,,,,,,,,,,,,,,,,,,I,am,his,messenger,and,I,execute,his
,,,,,,,,,,,,,,,,,,,,,,,,,,,,,,,,,,,,,,,,,,,,,,,,,,,,,,,,,,,,,,,,,,,,,,,Hitler,and,Hilda,his
,,,,,,,,,,,,,,,,,,,,,,,,,,,,,,,,,,,,,,,,,,,,,,,,,,,,,,,,,,,,,The,thought,that,many,a,Jewish,soldier,during,the,great,war,laid,down,his
,,,,,,,,,,,,,,,,,,,,,,,,,,,,,,,,,,,,,,,,,,,,,,,,,,,,,,,,,,,,,They,will,remind,themselves,of,those,painful,times,when,the,enemy,stamped,with,his
,,,,,,,,,,,,,,,,,,,,,,,,,,,,,,,,,,,,,,,,,,,,,,,,,,,,,,,,,,,,,,,,,,,,,,,,,Though,his
,,,,,,,,,,,,,,,,,,,,,,,,,,,,,,,,,,,,,,,,,,,,,,,,,,,,,Body,If,Hitler,has,thrown,a,net,work,of,a,formidable,antiSemitic,International,over,the,entire,world,are,we,to,fight,his
Body,If,Hitler,has,thrown,a,net,work,of,a,formidable,antiSemitic,International,over,the,entire,world,are,we,to,fight,his,poison,attack,with,Don,Quixote,‘,s,lance,A,union,of,Jewries,throughout,the,world,must,be,the,reality,of,the,hour,even,if,it,is,to,appear,to,be,following,through,Hitler,‘,s,charge,That,is,the,only,way,at,our,disposal,to,put,an,end,to,Hitler,and,to,his
,,,,,,,,,,,,,,,,,,,,,,,,,,,,,,,,,,,,Dispatches,from,Berlin,say,that,he,is,being,received,as,the,uncrowned,King,of,America,However,a,great,many,Americans,will,feel,that,the,Colonel,would,have,done,much,better,had,he,stayed,in,New,Jersey,tinkering,with,his
,,,,,,,,,,,,,,,,,,,,,,,,,,,,,,,,,,,,,,,,,,Of,greater,significance,—,however,is,the,editorial,in,The,Jewish,Criterion,‘,of,Pittsburgh,Pa,entitled,A,Chip,Off,Paul,Black,which,deals,with,that,publisher,‘,s,recent,editorial,in,his
,,,,,,,,,,,,,,,,,,,,,,,,,,,,,,,,,,,,,,,,,,,All,doubt,of,the,fact,was,removed,last,Monday,morning,when,there,appeared,scrawled,in,boldface,type,almost,the,entire,length,of,the,PostGazette,‘,s,first,page,an,editorial,over,his
,,,,,,,,,,,,,,,,,,,,,,,,,,,,,,,,,,,,,,,,,,,,,,,,,,,,,,,,,,,,,,,‘,It,is,very,unfortunate,to,try,to,bring,religion,into,his
,,,,,,,,,,,,,,,,,,,,,,,,,,,,,,,,,,,,,,,,,,,,,,,,,,,,,,,,,,Lehman,had,attempted,in,the,past,or,would,now,try,to,organize,the,Jewish,vote,behind,his
,,,,,,,,,,,,,,,,,,,,,,,,,,,,,,,,,,,,,,,,,,,,,,,,,,,,,,,,,,,,,,,,,,,,,,The,Governor,is,finishing,his
,,,,,,,,,,,,,,,,,,,,,,,,,,,,,,,,,,,,,,,,,,,,,,,,,,,,,,,,,,,,,,,,,,,,,,,Block,to,prove,his
,,,,,,,,,,,,,,,,,,,,,,,,,,,,,,,,,,,,,,,,,,,,,,,,,,,,,,,,,,,,,,,,,,,,,,,Lehman,is,exploiting,his
,,,,,,,,,,,,,,,,,,,,,,,,,,,,,,,,,,,,,,,,,,Yes,it,is,indeed,unfortunate,that,religion,has,been,brought,into,the,campaign,but,w,h,o,committed,the,blunder,if,not,this,renegate,Jew,who,for,a,farthing,would,barter,away,his
,,,,,,,,,,,,,,,,,,,,,,,,,,,,,,,,,,,,,,,,,,,,,,,,,,,,,,,,,,,,,,,,,,,,,,He,was,chagrined,when,his
,,,,,,,,,,,,,,,,,,,,,,,,,,,,,,,,,,,,,,,,,,,,,,,,,,,,,,,,,,,,,He,was,chagrined,when,his,closet,was,broken,into,and,the,skeleton,of,his
,,,,,,,,,,,,,,,,,,,,,,,,,,,,,,,,,,,,,,,,,,,,,,,,,,,,,,And,he,becomes,just,as,easily,annoyed,when,someone,reminds,him,that,try,as,he,will,he,can,not,escape,his
,,,,,,,,,,,,,,,,,,,,,,,,,,,,,,,,,,,,,,,,,,,,,,,,,,,,,,,and,once,for,all,do,away,with,this,religious,propaganda,‘,says,this,archpro,pagandist,who,not,only,printed,his
,,,,,,,,,,,,,,,,,,,,,,,,,,,,,,,,,,,,,,,,,,,,,,,,,,and,once,for,all,do,away,with,this,religious,propaganda,‘,says,this,archpro,pagandist,who,not,only,printed,his,editorial,in,all,of,his
,,,,,,,,,,,,,,,,,,,,,,,,,,,,,,,,,,,,,,,,,,,,,,,,,,,,,,,,,,,,,,,,,He,believes,he,has,done,a,noble,thing,by,his
,,,,,,,,,,,,,,,,,,,,,,,,,,,,,,,,,,,,,,,,,,,,,,,,,,,,,,,,,—,It,was,not,enough,that,he,impress,the,invisible,American,—,eagle,upon,the,pages,of,his
,,,,,,,,,,,,,,,,,,,,,,,,,,,,,,,,,,,,,,,,,,,,,,,,,,,,,Sinless,standardbearer,that,he,is,he,casts,the,first,stone,at,a,fellow,Jew,who,he,insinuates,is,about,to,use,his
,,,,,,,,,,,,,,,,,,,,,,,,,,,,,,,,,,,,,,,,,,,,,,,,,,,,,,,,,,,,,—,One,libel,is,that,the,Republican,candidate,for,the,presidency,Landon,and,his
